{
  "project_info": {
    "project_number": "291065462652",
    "project_id": "finalyearproject-trippla-a1bce",
    "storage_bucket": "finalyearproject-trippla-a1bce.firebasestorage.app"
  },
  "client": [
    {
      "client_info": {
        "mobilesdk_app_id": "1:291065462652:android:0f24ce41405baf16e8aef9",
        "android_client_info": {
          "package_name": "com.example.finalyearproject"
        }
      },
      "oauth_client": [
        {
          "client_id": "291065462652-c5j3f3mak12erb9blbivkjr8fsv2hkoa.apps.googleusercontent.com",
          "client_type": 1,
          "android_info": {
            "package_name": "com.example.finalyearproject",
            "certificate_hash": "152815017bdd7401ae227add73980ce228630fb5"
          }
        },
        {
          "client_id": "291065462652-o7c5jd9jgllhalgrclf5ipr1fs0t05uh.apps.googleusercontent.com",
          "client_type": 3
        }
      ],
      "api_key": [
        {
          "current_key": "AIzaSyA_qpq8CzpnHCq3PM_PR7BWj15nVA6NmkU"
        }
      ],
      "services": {
        "appinvite_service": {
          "other_platform_oauth_client": [
            {
              "client_id": "291065462652-o7c5jd9jgllhalgrclf5ipr1fs0t05uh.apps.googleusercontent.com",
              "client_type": 3
            }
          ]
        }
      }
    }
  ],
  "configuration_version": "1"
}